name,label
Witch_hazel frame0.jpg,Witch_hazel 
Witch_hazel frame1.jpg,Witch_hazel 
Witch_hazel frame2.jpg,Witch_hazel 
Witch_hazel frame3.jpg,Witch_hazel 
Witch_hazel frame4.jpg,Witch_hazel 
Witch_hazel frame5.jpg,Witch_hazel 
Witch_hazel frame6.jpg,Witch_hazel 
Witch_hazel frame7.jpg,Witch_hazel 
Witch_hazel frame8.jpg,Witch_hazel 
Witch_hazel frame9.jpg,Witch_hazel 
Witch_hazel frame10.jpg,Witch_hazel 
Witch_hazel frame11.jpg,Witch_hazel 
Witch_hazel frame13.jpg,Witch_hazel 
Witch_hazel frame12.jpg,Witch_hazel 
Witch_hazel frame14.jpg,Witch_hazel 
Witch_hazel frame15.jpg,Witch_hazel 
Witch_hazel frame16.jpg,Witch_hazel 
Witch_hazel frame17.jpg,Witch_hazel 
Witch_hazel frame18.jpg,Witch_hazel 
Witch_hazel frame19.jpg,Witch_hazel 
Witch_hazel frame20.jpg,Witch_hazel 
Witch_hazel frame21.jpg,Witch_hazel 
Witch_hazel frame23.jpg,Witch_hazel 
Witch_hazel frame22.jpg,Witch_hazel 
Witch_hazel frame24.jpg,Witch_hazel 
Witch_hazel frame25.jpg,Witch_hazel 
Witch_hazel frame26.jpg,Witch_hazel 
Witch_hazel frame27.jpg,Witch_hazel 
Witch_hazel frame28.jpg,Witch_hazel 
Witch_hazel frame29.jpg,Witch_hazel 
Witch_hazel frame30.jpg,Witch_hazel 
Witch_hazel frame31.jpg,Witch_hazel 
Witch_hazel frame32.jpg,Witch_hazel 
Witch_hazel frame33.jpg,Witch_hazel 
Witch_hazel frame34.jpg,Witch_hazel 
Witch_hazel frame35.jpg,Witch_hazel 
Witch_hazel frame36.jpg,Witch_hazel 
Witch_hazel frame37.jpg,Witch_hazel 
Witch_hazel frame38.jpg,Witch_hazel 
Witch_hazel frame39.jpg,Witch_hazel 
Witch_hazel frame40.jpg,Witch_hazel 
Witch_hazel frame41.jpg,Witch_hazel 
Witch_hazel frame42.jpg,Witch_hazel 
Witch_hazel frame43.jpg,Witch_hazel 
White_lily_frame41.jpg,White_lily_
White_lily_frame1.jpg,White_lily_
White_lily_frame2.jpg,White_lily_
White_lily_frame42.jpg,White_lily_
White_lily_frame0.jpg,White_lily_
White_lily_frame3.jpg,White_lily_
White_lily_frame4.jpg,White_lily_
White_lily_frame5.jpg,White_lily_
White_lily_frame6.jpg,White_lily_
White_lily_frame7.jpg,White_lily_
White_lily_frame8.jpg,White_lily_
White_lily_frame9.jpg,White_lily_
White_lily_frame10.jpg,White_lily_
White_lily_frame11.jpg,White_lily_
White_lily_frame12.jpg,White_lily_
White_lily_frame13.jpg,White_lily_
White_lily_frame14.jpg,White_lily_
White_lily_frame15.jpg,White_lily_
White_lily_frame16.jpg,White_lily_
White_lily_frame17.jpg,White_lily_
White_lily_frame18.jpg,White_lily_
White_lily_frame19.jpg,White_lily_
White_lily_frame20.jpg,White_lily_
White_lily_frame21.jpg,White_lily_
White_lily_frame22.jpg,White_lily_
White_lily_frame23.jpg,White_lily_
White_lily_frame24.jpg,White_lily_
White_lily_frame25.jpg,White_lily_
White_lily_frame26.jpg,White_lily_
White_lily_frame27.jpg,White_lily_
White_lily_frame28.jpg,White_lily_
White_lily_frame29.jpg,White_lily_
White_lily_frame30.jpg,White_lily_
White_lily_frame31.jpg,White_lily_
White_lily_frame32.jpg,White_lily_
White_lily_frame33.jpg,White_lily_
White_lily_frame35.jpg,White_lily_
White_lily_frame34.jpg,White_lily_
White_lily_frame36.jpg,White_lily_
White_lily_frame37.jpg,White_lily_
White_lily_frame38.jpg,White_lily_
White_lily_frame40.jpg,White_lily_
White_lily_frame39.jpg,White_lily_
Water_lily_Dahlia_Fritillary_Grassesframe23.jpg,Water_lily_Dahlia_Fritillary_Grasses
Water_lily_Dahlia_Fritillary_Grassesframe24.jpg,Water_lily_Dahlia_Fritillary_Grasses
Water_lily_Dahlia_Fritillary_Grassesframe26.jpg,Water_lily_Dahlia_Fritillary_Grasses
Water_lily_Dahlia_Fritillary_Grassesframe30.jpg,Water_lily_Dahlia_Fritillary_Grasses
Water_lily_Dahlia_Fritillary_Grassesframe33.jpg,Water_lily_Dahlia_Fritillary_Grasses
Water_lily_Dahlia_Fritillary_Grassesframe35.jpg,Water_lily_Dahlia_Fritillary_Grasses
Water_lily_Dahlia_Fritillary_Grassesframe39.jpg,Water_lily_Dahlia_Fritillary_Grasses
Water_lily_Dahlia_Fritillary_Grassesframe41.jpg,Water_lily_Dahlia_Fritillary_Grasses
Water_lily_Dahlia_Fritillary_Grassesframe45.jpg,Water_lily_Dahlia_Fritillary_Grasses
Water_lily_Dahlia_Fritillary_Grassesframe46.jpg,Water_lily_Dahlia_Fritillary_Grasses
Water_lily_Dahlia_Fritillary_Grassesframe49.jpg,Water_lily_Dahlia_Fritillary_Grasses
Water_lily_Dahlia_Fritillary_Grassesframe54.jpg,Water_lily_Dahlia_Fritillary_Grasses
Water_lily_Dahlia_Fritillary_Grassesframe55.jpg,Water_lily_Dahlia_Fritillary_Grasses
Water_lily_Dahlia_Fritillary_Grassesframe59.jpg,Water_lily_Dahlia_Fritillary_Grasses
Water_lily_Dahlia_Fritillary_Grassesframe61.jpg,Water_lily_Dahlia_Fritillary_Grasses
Water_lily_Dahlia_Fritillary_Grassesframe62.jpg,Water_lily_Dahlia_Fritillary_Grasses
Water_lily_Dahlia_Fritillary_Grassesframe63.jpg,Water_lily_Dahlia_Fritillary_Grasses
Water_lily_Dahlia_Fritillary_Grassesframe64.jpg,Water_lily_Dahlia_Fritillary_Grasses
Water_lily_Dahlia_Fritillary_Grassesframe65.jpg,Water_lily_Dahlia_Fritillary_Grasses
Water_lily_Dahlia_Fritillary_Grassesframe66.jpg,Water_lily_Dahlia_Fritillary_Grasses
Water_lily_Dahlia_Fritillary_Grassesframe69.jpg,Water_lily_Dahlia_Fritillary_Grasses
Water_lily_Dahlia_Fritillary_Grassesframe70.jpg,Water_lily_Dahlia_Fritillary_Grasses
Water_lily_Dahlia_Fritillary_Grassesframe71.jpg,Water_lily_Dahlia_Fritillary_Grasses
Water_lily_Dahlia_Fritillary_Grassesframe72.jpg,Water_lily_Dahlia_Fritillary_Grasses
Water_lily_Dahlia_Fritillary_Grassesframe74.jpg,Water_lily_Dahlia_Fritillary_Grasses
Water_lily_Dahlia_Fritillary_Grassesframe76.jpg,Water_lily_Dahlia_Fritillary_Grasses
Water_lily_Dahlia_Fritillary_Grassesframe77.jpg,Water_lily_Dahlia_Fritillary_Grasses
Water_lily_Dahlia_Fritillary_Grassesframe78.jpg,Water_lily_Dahlia_Fritillary_Grasses
Water_lily_Dahlia_Fritillary_Grassesframe79.jpg,Water_lily_Dahlia_Fritillary_Grasses
Water_lily_Dahlia_Fritillary_Grassesframe82.jpg,Water_lily_Dahlia_Fritillary_Grasses
Water_lily_Dahlia_Fritillary_Grassesframe83.jpg,Water_lily_Dahlia_Fritillary_Grasses
Water_lily_Dahlia_Fritillary_Grassesframe84.jpg,Water_lily_Dahlia_Fritillary_Grasses
Water_lily_Dahlia_Fritillary_Grassesframe85.jpg,Water_lily_Dahlia_Fritillary_Grasses
Water_lily_Dahlia_Fritillary_Grassesframe86.jpg,Water_lily_Dahlia_Fritillary_Grasses
Water_lily_Dahlia_Fritillary_Grassesframe90.jpg,Water_lily_Dahlia_Fritillary_Grasses
Water_lily_Dahlia_Fritillary_Grassesframe91.jpg,Water_lily_Dahlia_Fritillary_Grasses
Water_lily_Dahlia_Fritillary_Grassesframe92.jpg,Water_lily_Dahlia_Fritillary_Grasses
Water_lily_Dahlia_Fritillary_Grassesframe93.jpg,Water_lily_Dahlia_Fritillary_Grasses
Water_lily_Dahlia_Fritillary_Grassesframe95.jpg,Water_lily_Dahlia_Fritillary_Grasses
Water_lily_Dahlia_Fritillary_Grassesframe96.jpg,Water_lily_Dahlia_Fritillary_Grasses
Water_lily_Dahlia_Fritillary_Grassesframe97.jpg,Water_lily_Dahlia_Fritillary_Grasses
Water_lily_Dahlia_Fritillary_Grassesframe98.jpg,Water_lily_Dahlia_Fritillary_Grasses
Water_lily_Dahlia_Fritillary_Grassesframe99.jpg,Water_lily_Dahlia_Fritillary_Grasses
Water_lily_Dahlia_Fritillary_Grassesframe100.jpg,Water_lily_Dahlia_Fritillary_Grasses
Water_lily_Dahlia_Fritillary_Grassesframe101.jpg,Water_lily_Dahlia_Fritillary_Grasses
Water_lily_Dahlia_Fritillary_Grassesframe102.jpg,Water_lily_Dahlia_Fritillary_Grasses
Water_lily_Dahlia_Fritillary_Grassesframe104.jpg,Water_lily_Dahlia_Fritillary_Grasses
Water_lily_Dahlia_Fritillary_Grassesframe103.jpg,Water_lily_Dahlia_Fritillary_Grasses
Water_lily_Dahlia_Fritillary_Grassesframe105.jpg,Water_lily_Dahlia_Fritillary_Grasses
Water_lily_Dahlia_Fritillary_Grassesframe106.jpg,Water_lily_Dahlia_Fritillary_Grasses
Water_lily_Dahlia_Fritillary_Grassesframe107.jpg,Water_lily_Dahlia_Fritillary_Grasses
Water_lily_Dahlia_Fritillary_Grassesframe108.jpg,Water_lily_Dahlia_Fritillary_Grasses
Water_lily_Dahlia_Fritillary_Grassesframe109.jpg,Water_lily_Dahlia_Fritillary_Grasses
Water_lily_Dahlia_Fritillary_Grassesframe110.jpg,Water_lily_Dahlia_Fritillary_Grasses
Water_lily_Dahlia_Fritillary_Grassesframe111.jpg,Water_lily_Dahlia_Fritillary_Grasses
Water_lily_Dahlia_Fritillary_Grassesframe112.jpg,Water_lily_Dahlia_Fritillary_Grasses
Water_lily_Dahlia_Fritillary_Grassesframe113.jpg,Water_lily_Dahlia_Fritillary_Grasses
Water_lily_Dahlia_Fritillary_Grassesframe114.jpg,Water_lily_Dahlia_Fritillary_Grasses
Water_lily_Dahlia_Fritillary_Grassesframe115.jpg,Water_lily_Dahlia_Fritillary_Grasses
Water_lily_Dahlia_Fritillary_Grassesframe116.jpg,Water_lily_Dahlia_Fritillary_Grasses
Water_lily_Dahlia_Fritillary_Grassesframe117.jpg,Water_lily_Dahlia_Fritillary_Grasses
Water_lily_Dahlia_Fritillary_Grassesframe118.jpg,Water_lily_Dahlia_Fritillary_Grasses
Water_lily_Dahlia_Fritillary_Grassesframe119.jpg,Water_lily_Dahlia_Fritillary_Grasses
Water_lily_Dahlia_Fritillary_Grassesframe120.jpg,Water_lily_Dahlia_Fritillary_Grasses
Water_lily_Dahlia_Fritillary_Grassesframe121.jpg,Water_lily_Dahlia_Fritillary_Grasses
Water_lily_Dahlia_Fritillary_Grassesframe122.jpg,Water_lily_Dahlia_Fritillary_Grasses
Water_lily_Dahlia_Fritillary_Grassesframe123.jpg,Water_lily_Dahlia_Fritillary_Grasses
Water_lily_Dahlia_Fritillary_Grassesframe124.jpg,Water_lily_Dahlia_Fritillary_Grasses
Water_lily_Dahlia_Fritillary_Grassesframe125.jpg,Water_lily_Dahlia_Fritillary_Grasses
Water_lily_Dahlia_Fritillary_Grassesframe126.jpg,Water_lily_Dahlia_Fritillary_Grasses
Water_lily_Dahlia_Fritillary_Grassesframe127.jpg,Water_lily_Dahlia_Fritillary_Grasses
Water_lily_Dahlia_Fritillary_Grassesframe128.jpg,Water_lily_Dahlia_Fritillary_Grasses
Water_lily_Dahlia_Fritillary_Grassesframe129.jpg,Water_lily_Dahlia_Fritillary_Grasses
Water_lily_Dahlia_Fritillary_Grassesframe130.jpg,Water_lily_Dahlia_Fritillary_Grasses
Water_lily_Dahlia_Fritillary_Grassesframe131.jpg,Water_lily_Dahlia_Fritillary_Grasses
Water_lily_Dahlia_Fritillary_Grassesframe132.jpg,Water_lily_Dahlia_Fritillary_Grasses
Water_lily_Dahlia_Fritillary_Grassesframe134.jpg,Water_lily_Dahlia_Fritillary_Grasses
Water_lily_Dahlia_Fritillary_Grassesframe133.jpg,Water_lily_Dahlia_Fritillary_Grasses
Water_lily_Dahlia_Fritillary_Grassesframe135.jpg,Water_lily_Dahlia_Fritillary_Grasses
Water_lily_Dahlia_Fritillary_Grassesframe136.jpg,Water_lily_Dahlia_Fritillary_Grasses
Water_lily_Dahlia_Fritillary_Grassesframe137.jpg,Water_lily_Dahlia_Fritillary_Grasses
Water_lily_Dahlia_Fritillary_Grassesframe138.jpg,Water_lily_Dahlia_Fritillary_Grasses
Water_lily_Dahlia_Fritillary_Grassesframe139.jpg,Water_lily_Dahlia_Fritillary_Grasses
Water_lily_Dahlia_Fritillary_Grassesframe140.jpg,Water_lily_Dahlia_Fritillary_Grasses
Water_lily_Dahlia_Fritillary_Grassesframe141.jpg,Water_lily_Dahlia_Fritillary_Grasses
Water_lily_Dahlia_Fritillary_Grassesframe142.jpg,Water_lily_Dahlia_Fritillary_Grasses
Water_lily_Dahlia_Fritillary_Grassesframe143.jpg,Water_lily_Dahlia_Fritillary_Grasses
Water_lily_Dahlia_Fritillary_Grassesframe144.jpg,Water_lily_Dahlia_Fritillary_Grasses
Water_lily_Dahlia_Fritillary_Grassesframe145.jpg,Water_lily_Dahlia_Fritillary_Grasses
Water_lily_Dahlia_Fritillary_Grassesframe146.jpg,Water_lily_Dahlia_Fritillary_Grasses
Water_lily_Dahlia_Fritillary_Grassesframe148.jpg,Water_lily_Dahlia_Fritillary_Grasses
Water_lily_Dahlia_Fritillary_Grassesframe147.jpg,Water_lily_Dahlia_Fritillary_Grasses
Water_lily_Dahlia_Fritillary_Grassesframe149.jpg,Water_lily_Dahlia_Fritillary_Grasses
Water_lily_Dahlia_Fritillary_Grassesframe150.jpg,Water_lily_Dahlia_Fritillary_Grasses
Water_lily_Dahlia_Fritillary_Grassesframe151.jpg,Water_lily_Dahlia_Fritillary_Grasses
Water_lily_Dahlia_Fritillary_Grassesframe152.jpg,Water_lily_Dahlia_Fritillary_Grasses
Water_lily_Dahlia_Fritillary_Grassesframe0.jpg,Water_lily_Dahlia_Fritillary_Grasses
Water_lily_Dahlia_Fritillary_Grassesframe1.jpg,Water_lily_Dahlia_Fritillary_Grasses
Water_lily_Dahlia_Fritillary_Grassesframe2.jpg,Water_lily_Dahlia_Fritillary_Grasses
Water_lily_Dahlia_Fritillary_Grassesframe3.jpg,Water_lily_Dahlia_Fritillary_Grasses
Water_lily_Dahlia_Fritillary_Grassesframe4.jpg,Water_lily_Dahlia_Fritillary_Grasses
Water_lily_Dahlia_Fritillary_Grassesframe5.jpg,Water_lily_Dahlia_Fritillary_Grasses
Water_lily_Dahlia_Fritillary_Grassesframe6.jpg,Water_lily_Dahlia_Fritillary_Grasses
Water_lily_Dahlia_Fritillary_Grassesframe7.jpg,Water_lily_Dahlia_Fritillary_Grasses
Water_lily_Dahlia_Fritillary_Grassesframe8.jpg,Water_lily_Dahlia_Fritillary_Grasses
Water_lily_Dahlia_Fritillary_Grassesframe9.jpg,Water_lily_Dahlia_Fritillary_Grasses
Water_lily_Dahlia_Fritillary_Grassesframe11.jpg,Water_lily_Dahlia_Fritillary_Grasses
Water_lily_Dahlia_Fritillary_Grassesframe10.jpg,Water_lily_Dahlia_Fritillary_Grasses
Water_lily_Dahlia_Fritillary_Grassesframe12.jpg,Water_lily_Dahlia_Fritillary_Grasses
Water_lily_Dahlia_Fritillary_Grassesframe13.jpg,Water_lily_Dahlia_Fritillary_Grasses
Water_lily_Dahlia_Fritillary_Grassesframe14.jpg,Water_lily_Dahlia_Fritillary_Grasses
Water_lily_Dahlia_Fritillary_Grassesframe15.jpg,Water_lily_Dahlia_Fritillary_Grasses
Water_lily_Dahlia_Fritillary_Grassesframe16.jpg,Water_lily_Dahlia_Fritillary_Grasses
Water_lily_Dahlia_Fritillary_Grassesframe17.jpg,Water_lily_Dahlia_Fritillary_Grasses
Water_lily_Dahlia_Fritillary_Grassesframe18.jpg,Water_lily_Dahlia_Fritillary_Grasses
Water_lily_Dahlia_Fritillary_Grassesframe19.jpg,Water_lily_Dahlia_Fritillary_Grasses
Water_lily_Dahlia_Fritillary_Grassesframe20.jpg,Water_lily_Dahlia_Fritillary_Grasses
Water_lily_Dahlia_Fritillary_Grassesframe21.jpg,Water_lily_Dahlia_Fritillary_Grasses
Water_lily_Dahlia_Fritillary_Grassesframe22.jpg,Water_lily_Dahlia_Fritillary_Grasses
Water_lily_Dahlia_Fritillary_Grassesframe25.jpg,Water_lily_Dahlia_Fritillary_Grasses
Water_lily_Dahlia_Fritillary_Grassesframe28.jpg,Water_lily_Dahlia_Fritillary_Grasses
Water_lily_Dahlia_Fritillary_Grassesframe27.jpg,Water_lily_Dahlia_Fritillary_Grasses
Water_lily_Dahlia_Fritillary_Grassesframe29.jpg,Water_lily_Dahlia_Fritillary_Grasses
Water_lily_Dahlia_Fritillary_Grassesframe31.jpg,Water_lily_Dahlia_Fritillary_Grasses
Water_lily_Dahlia_Fritillary_Grassesframe32.jpg,Water_lily_Dahlia_Fritillary_Grasses
Water_lily_Dahlia_Fritillary_Grassesframe34.jpg,Water_lily_Dahlia_Fritillary_Grasses
Water_lily_Dahlia_Fritillary_Grassesframe36.jpg,Water_lily_Dahlia_Fritillary_Grasses
Water_lily_Dahlia_Fritillary_Grassesframe37.jpg,Water_lily_Dahlia_Fritillary_Grasses
Water_lily_Dahlia_Fritillary_Grassesframe38.jpg,Water_lily_Dahlia_Fritillary_Grasses
Water_lily_Dahlia_Fritillary_Grassesframe42.jpg,Water_lily_Dahlia_Fritillary_Grasses
Water_lily_Dahlia_Fritillary_Grassesframe40.jpg,Water_lily_Dahlia_Fritillary_Grasses
Water_lily_Dahlia_Fritillary_Grassesframe43.jpg,Water_lily_Dahlia_Fritillary_Grasses
Water_lily_Dahlia_Fritillary_Grassesframe44.jpg,Water_lily_Dahlia_Fritillary_Grasses
Water_lily_Dahlia_Fritillary_Grassesframe47.jpg,Water_lily_Dahlia_Fritillary_Grasses
Water_lily_Dahlia_Fritillary_Grassesframe48.jpg,Water_lily_Dahlia_Fritillary_Grasses
Water_lily_Dahlia_Fritillary_Grassesframe50.jpg,Water_lily_Dahlia_Fritillary_Grasses
Water_lily_Dahlia_Fritillary_Grassesframe52.jpg,Water_lily_Dahlia_Fritillary_Grasses
Water_lily_Dahlia_Fritillary_Grassesframe51.jpg,Water_lily_Dahlia_Fritillary_Grasses
Water_lily_Dahlia_Fritillary_Grassesframe53.jpg,Water_lily_Dahlia_Fritillary_Grasses
Water_lily_Dahlia_Fritillary_Grassesframe56.jpg,Water_lily_Dahlia_Fritillary_Grasses
Water_lily_Dahlia_Fritillary_Grassesframe57.jpg,Water_lily_Dahlia_Fritillary_Grasses
Water_lily_Dahlia_Fritillary_Grassesframe58.jpg,Water_lily_Dahlia_Fritillary_Grasses
Water_lily_Dahlia_Fritillary_Grassesframe60.jpg,Water_lily_Dahlia_Fritillary_Grasses
Water_lily_Dahlia_Fritillary_Grassesframe67.jpg,Water_lily_Dahlia_Fritillary_Grasses
Water_lily_Dahlia_Fritillary_Grassesframe68.jpg,Water_lily_Dahlia_Fritillary_Grasses
Water_lily_Dahlia_Fritillary_Grassesframe73.jpg,Water_lily_Dahlia_Fritillary_Grasses
Water_lily_Dahlia_Fritillary_Grassesframe75.jpg,Water_lily_Dahlia_Fritillary_Grasses
Water_lily_Dahlia_Fritillary_Grassesframe80.jpg,Water_lily_Dahlia_Fritillary_Grasses
Water_lily_Dahlia_Fritillary_Grassesframe81.jpg,Water_lily_Dahlia_Fritillary_Grasses
Water_lily_Dahlia_Fritillary_Grassesframe87.jpg,Water_lily_Dahlia_Fritillary_Grasses
Water_lily_Dahlia_Fritillary_Grassesframe88.jpg,Water_lily_Dahlia_Fritillary_Grasses
Water_lily_Dahlia_Fritillary_Grassesframe89.jpg,Water_lily_Dahlia_Fritillary_Grasses
Water_lily_Dahlia_Fritillary_Grassesframe94.jpg,Water_lily_Dahlia_Fritillary_Grasses
Water_lilyframe19.jpg,Water_lily
Water_lilyframe21.jpg,Water_lily
Water_lilyframe20.jpg,Water_lily
Water_lilyframe22.jpg,Water_lily
Water_lilyframe23.jpg,Water_lily
Water_lilyframe24.jpg,Water_lily
Water_lilyframe27.jpg,Water_lily
Water_lilyframe25.jpg,Water_lily
Water_lilyframe29.jpg,Water_lily
Water_lilyframe32.jpg,Water_lily
Water_lilyframe33.jpg,Water_lily
Water_lilyframe36.jpg,Water_lily
Water_lilyframe37.jpg,Water_lily
Water_lilyframe0.jpg,Water_lily
Water_lilyframe26.jpg,Water_lily
Water_lilyframe5.jpg,Water_lily
Water_lilyframe28.jpg,Water_lily
Water_lilyframe8.jpg,Water_lily
Water_lilyframe30.jpg,Water_lily
Water_lilyframe13.jpg,Water_lily
Water_lilyframe31.jpg,Water_lily
Water_lilyframe34.jpg,Water_lily
Water_lilyframe14.jpg,Water_lily
Water_lilyframe15.jpg,Water_lily
Water_lilyframe17.jpg,Water_lily
Water_lilyframe35.jpg,Water_lily
Water_lilyframe1.jpg,Water_lily
Water_lilyframe2.jpg,Water_lily
Water_lilyframe3.jpg,Water_lily
Water_lilyframe4.jpg,Water_lily
Water_lilyframe6.jpg,Water_lily
Water_lilyframe7.jpg,Water_lily
Water_lilyframe10.jpg,Water_lily
Water_lilyframe9.jpg,Water_lily
Water_lilyframe11.jpg,Water_lily
Water_lilyframe12.jpg,Water_lily
Water_lilyframe16.jpg,Water_lily
Water_lilyframe18.jpg,Water_lily
Thistle_flowerframe0.jpg,Thistle_
Thistle_flowerframe1.jpg,Thistle_
Thistle_flowerframe2.jpg,Thistle_
Thistle_flowerframe3.jpg,Thistle_
Thistle_flowerframe4.jpg,Thistle_
Thistle_flowerframe5.jpg,Thistle_
Thistle_flowerframe6.jpg,Thistle_
Thistle_flowerframe7.jpg,Thistle_
Thistle_flowerframe8.jpg,Thistle_
Thistle_flowerframe9.jpg,Thistle_
Thistle_flowerframe10.jpg,Thistle_
Thistle_flowerframe11.jpg,Thistle_
Thistle_flowerframe12.jpg,Thistle_
Thistle_flowerframe13.jpg,Thistle_
Thistle_flowerframe14.jpg,Thistle_
Thistle_flowerframe15.jpg,Thistle_
Thistle_flowerframe16.jpg,Thistle_
Thistle_flowerframe17.jpg,Thistle_
Thistle_flowerframe18.jpg,Thistle_
Thistle_flowerframe19.jpg,Thistle_
Thistle_flowerframe20.jpg,Thistle_
Thistle_flowerframe21.jpg,Thistle_
Thistle_flowerframe22.jpg,Thistle_
Thistle_flowerframe23.jpg,Thistle_
Thistle_flowerframe24.jpg,Thistle_
Thistle_flowerframe25.jpg,Thistle_
Thistle_flowerframe26.jpg,Thistle_
Thistle_flowerframe27.jpg,Thistle_
Thistle_flowerframe28.jpg,Thistle_
Thistle_flowerframe29.jpg,Thistle_
Thistle_flowerframe30.jpg,Thistle_
Thistle_flowerframe31.jpg,Thistle_
Thistle_flowerframe32.jpg,Thistle_
Thistle_flowerframe33.jpg,Thistle_
Thistle_flowerframe34.jpg,Thistle_
Thistle_flowerframe35.jpg,Thistle_
Thistle_flowerframe36.jpg,Thistle_
Thistle_flowerframe37.jpg,Thistle_
Thistle_flowerframe38.jpg,Thistle_
Thistle_flowerframe39.jpg,Thistle_
Thistle_flowerframe40.jpg,Thistle_
Thistle_flowerframe41.jpg,Thistle_
Thistle_flowerframe42.jpg,Thistle_
Thistle_flowerframe43.jpg,Thistle_
Thistle_flowerframe44.jpg,Thistle_
Thistle_flowerframe45.jpg,Thistle_
Thistle_flowerframe46.jpg,Thistle_
Thistle_flowerframe47.jpg,Thistle_
Thistle_flowerframe48.jpg,Thistle_
Thistle_flowerframe49.jpg,Thistle_
Thistle_flowerframe50.jpg,Thistle_
Thistle_flowerframe51.jpg,Thistle_
Thistle_flowerframe52.jpg,Thistle_
Thistle_flowerframe53.jpg,Thistle_
Thistle_flowerframe54.jpg,Thistle_
Thistle_flowerframe55.jpg,Thistle_
Thistle_flowerframe56.jpg,Thistle_
Thistle_flowerframe57.jpg,Thistle_
Thistle_flowerframe58.jpg,Thistle_
Thistle_flowerframe59.jpg,Thistle_
Thistle_flowerframe60.jpg,Thistle_
Thistle_flowerframe61.jpg,Thistle_
Thistle_flowerframe62.jpg,Thistle_
Thistle_flowerframe63.jpg,Thistle_
Thistle_flowerframe64.jpg,Thistle_
Thistle_flowerframe65.jpg,Thistle_
Thistle_flowerframe66.jpg,Thistle_
Thistle_flowerframe67.jpg,Thistle_
Thistle_flowerframe68.jpg,Thistle_
Thistle_flowerframe69.jpg,Thistle_
Thistle_flowerframe70.jpg,Thistle_
Thistle_flowerframe71.jpg,Thistle_
Thistle_flowerframe72.jpg,Thistle_
Sunflower_fibonacciframe0.jpg,Sun
Sunflower_fibonacciframe1.jpg,Sun
Sunflower_fibonacciframe2.jpg,Sun
Sunflower_fibonacciframe3.jpg,Sun
Sunflower_fibonacciframe4.jpg,Sun
Sunflower_fibonacciframe5.jpg,Sun
Sunflower_fibonacciframe6.jpg,Sun
Sunflower_fibonacciframe7.jpg,Sun
Sunflower_fibonacciframe8.jpg,Sun
Sunflower_fibonacciframe9.jpg,Sun
Sunflower_fibonacciframe10.jpg,Sun
Sunflower_fibonacciframe11.jpg,Sun
Sunflower_fibonacciframe12.jpg,Sun
Sunflower_fibonacciframe13.jpg,Sun
Sunflower_fibonacciframe14.jpg,Sun
Sunflower_fibonacciframe15.jpg,Sun
Sunflower_fibonacciframe16.jpg,Sun
Sunflower_fibonacciframe17.jpg,Sun
Sunflower_fibonacciframe18.jpg,Sun
Sunflower_fibonacciframe19.jpg,Sun
Sunflower_fibonacciframe20.jpg,Sun
Sunflower_fibonacciframe21.jpg,Sun
Sunflower_fibonacciframe22.jpg,Sun
Sunflower_fibonacciframe23.jpg,Sun
Sunflower_fibonacciframe24.jpg,Sun
Sunflower_fibonacciframe25.jpg,Sun
Sunflower_fibonacciframe26.jpg,Sun
Sunflower_fibonacciframe27.jpg,Sun
Sunflower_fibonacciframe28.jpg,Sun
Sunflower_fibonacciframe29.jpg,Sun
Sunflower_fibonacciframe30.jpg,Sun
Sunflower_fibonacciframe31.jpg,Sun
Sunflower_fibonacciframe32.jpg,Sun
Sunflower_fibonacciframe33.jpg,Sun
Sunflower_fibonacciframe34.jpg,Sun
Sunflower_fibonacciframe35.jpg,Sun
Sunflower_fibonacciframe36.jpg,Sun
Sunflower_fibonacciframe37.jpg,Sun
Sunflower_fibonacciframe38.jpg,Sun
Sunflower_fibonacciframe39.jpg,Sun
Sunflower_fibonacciframe40.jpg,Sun
Sunflower_fibonacciframe41.jpg,Sun
Sunflower_fibonacciframe42.jpg,Sun
Sunflower_fibonacciframe43.jpg,Sun
Sunflower_fibonacciframe44.jpg,Sun
Sunflower_fibonacciframe45.jpg,Sun
Sunflower_fibonacciframe46.jpg,Sun
Sunflower_fibonacciframe47.jpg,Sun
Sunflower_fibonacciframe48.jpg,Sun
Sunflower_fibonacciframe49.jpg,Sun
Sunflower_fibonacciframe50.jpg,Sun
Sunflower_fibonacciframe51.jpg,Sun
Sunflower_fibonacciframe52.jpg,Sun
Sunflower_fibonacciframe53.jpg,Sun
Sunflower_fibonacciframe54.jpg,Sun
Sunflower_fibonacciframe55.jpg,Sun
Sunflower_fibonacciframe56.jpg,Sun
Sunflower_fibonacciframe57.jpg,Sun
Sunflower_fibonacciframe58.jpg,Sun
Sunflower_fibonacciframe59.jpg,Sun
Sunflower_fibonacciframe60.jpg,Sun
Sunflower_fibonacciframe61.jpg,Sun
Sunflower_fibonacciframe62.jpg,Sun
Sunflower_fibonacciframe63.jpg,Sun
Sunflower_fibonacciframe64.jpg,Sun
Sunflowerframe0.jpg,Sun
Sunflowerframe1.jpg,Sun
Sunflowerframe2.jpg,Sun
Sunflowerframe3.jpg,Sun
Sunflowerframe4.jpg,Sun
Sunflowerframe5.jpg,Sun
Sunflowerframe6.jpg,Sun
Sunflowerframe7.jpg,Sun
Sunflowerframe8.jpg,Sun
Sunflowerframe9.jpg,Sun
Sunflowerframe10.jpg,Sun
Sunflowerframe11.jpg,Sun
Sunflowerframe12.jpg,Sun
Sunflowerframe13.jpg,Sun
Sunflowerframe14.jpg,Sun
Sunflowerframe15.jpg,Sun
Sunflowerframe16.jpg,Sun
Sunflowerframe17.jpg,Sun
Sunflowerframe18.jpg,Sun
Sunflowerframe19.jpg,Sun
Sunflowerframe20.jpg,Sun
Sunflowerframe21.jpg,Sun
Sunflowerframe22.jpg,Sun
Sunflowerframe23.jpg,Sun
Sunflowerframe24.jpg,Sun
Sunflowerframe25.jpg,Sun
Sunflowerframe26.jpg,Sun
Sunflowerframe27.jpg,Sun
Sunflowerframe28.jpg,Sun
Sunflowerframe29.jpg,Sun
Sunflowerframe30.jpg,Sun
Sunflowerframe31.jpg,Sun
Sunflowerframe32.jpg,Sun
Sunflowerframe33.jpg,Sun
Sunflowerframe34.jpg,Sun
Sunflowerframe35.jpg,Sun
Sunflowerframe36.jpg,Sun
Sunflowerframe37.jpg,Sun
Sunflowerframe38.jpg,Sun
Sunflowerframe39.jpg,Sun
Sunflowerframe40.jpg,Sun
Sunflowerframe41.jpg,Sun
Sunflowerframe42.jpg,Sun
Sunflowerframe43.jpg,Sun
Sunflowerframe44.jpg,Sun
Sunflowerframe45.jpg,Sun
Sunflowerframe46.jpg,Sun
Sunflowerframe47.jpg,Sun
Sunflowerframe48.jpg,Sun
Sunflowerframe49.jpg,Sun
Sunflowerframe50.jpg,Sun
Sunflowerframe51.jpg,Sun
Sunflowerframe52.jpg,Sun
Sunflowerframe53.jpg,Sun
Sunflowerframe54.jpg,Sun
Sunflowerframe55.jpg,Sun
Sunflowerframe56.jpg,Sun
Sunflowerframe57.jpg,Sun
Sunflowerframe58.jpg,Sun
Sunflowerframe59.jpg,Sun
Sunflowerframe60.jpg,Sun
Sunflowerframe61.jpg,Sun
Sunflowerframe62.jpg,Sun
Sunflowerframe63.jpg,Sun
Sunflowerframe64.jpg,Sun
Sunflowerframe65.jpg,Sun
Sunflowerframe66.jpg,Sun
Sunflowerframe67.jpg,Sun
Sunflowerframe68.jpg,Sun
Sunflowerframe69.jpg,Sun
Sunflowerframe70.jpg,Sun
Sunflowerframe71.jpg,Sun
Sunflowerframe72.jpg,Sun
Sunflowerframe73.jpg,Sun
Sunflowerframe74.jpg,Sun
Sunflowerframe75.jpg,Sun
Sunflowerframe76.jpg,Sun
Sunflowerframe77.jpg,Sun
Sunflowerframe78.jpg,Sun
Sunflowerframe79.jpg,Sun
Sunflowerframe80.jpg,Sun
Sunflowerframe81.jpg,Sun
Sunflowerframe82.jpg,Sun
Sunflowerframe83.jpg,Sun
Sunflowerframe84.jpg,Sun
Sunflowerframe85.jpg,Sun
Sunflowerframe86.jpg,Sun
Sunflowerframe87.jpg,Sun
Sunflowerframe88.jpg,Sun
Sunflowerframe89.jpg,Sun
Sunflowerframe90.jpg,Sun
Sunflowerframe91.jpg,Sun
Sunflowerframe92.jpg,Sun
Sunflowerframe93.jpg,Sun
Sunflowerframe94.jpg,Sun
Sunflowerframe95.jpg,Sun
Sunflowerframe96.jpg,Sun
Sunflowerframe97.jpg,Sun
Sunflowerframe98.jpg,Sun
Sunflowerframe99.jpg,Sun
Sunflowerframe100.jpg,Sun
Sunflowerframe101.jpg,Sun
Sunflowerframe102.jpg,Sun
Sunflowerframe103.jpg,Sun
Sunflowerframe104.jpg,Sun
Sunflowerframe105.jpg,Sun
Sunflowerframe106.jpg,Sun
Sunflowerframe107.jpg,Sun
Sunflowerframe108.jpg,Sun
Sunflowerframe109.jpg,Sun
Sunflowerframe110.jpg,Sun
Sunflowerframe111.jpg,Sun
Sunflowerframe112.jpg,Sun
Sunflowerframe113.jpg,Sun
Sunflowerframe114.jpg,Sun
Sunflowerframe115.jpg,Sun
Sunflowerframe116.jpg,Sun
Sunflowerframe117.jpg,Sun
Sunflowerframe118.jpg,Sun
Sunflowerframe119.jpg,Sun
Sunflowerframe120.jpg,Sun
Sunflowerframe121.jpg,Sun
Sunflowerframe122.jpg,Sun
Sunflowerframe123.jpg,Sun
Sunflowerframe124.jpg,Sun
Sunflowerframe125.jpg,Sun
Sunflowerframe126.jpg,Sun
Sunflowerframe127.jpg,Sun
Sunflowerframe128.jpg,Sun
Sunflowerframe129.jpg,Sun
Sunflowerframe130.jpg,Sun
Sunflowerframe131.jpg,Sun
Romnea_flower_budframe6.jpg,Romnea_
Romnea_flower_budframe2.jpg,Romnea_
Romnea_flower_budframe0.jpg,Romnea_
Romnea_flower_budframe5.jpg,Romnea_
Romnea_flower_budframe1.jpg,Romnea_
Romnea_flower_budframe9.jpg,Romnea_
Romnea_flower_budframe4.jpg,Romnea_
Romnea_flower_budframe7.jpg,Romnea_
Romnea_flower_budframe8.jpg,Romnea_
Romnea_flower_budframe3.jpg,Romnea_
Romnea_flower_budframe10.jpg,Romnea_
Romnea_flower_budframe11.jpg,Romnea_
Romnea_flower_budframe12.jpg,Romnea_
Romnea_flower_budframe13.jpg,Romnea_
Romnea_flower_budframe15.jpg,Romnea_
Romnea_flower_budframe14.jpg,Romnea_
Romnea_flower_budframe16.jpg,Romnea_
Romnea_flower_budframe17.jpg,Romnea_
Romnea_flower_budframe20.jpg,Romnea_
Romnea_flower_budframe18.jpg,Romnea_
Romnea_flower_budframe19.jpg,Romnea_
Romnea_flower_budframe21.jpg,Romnea_
Romnea_flower_budframe22.jpg,Romnea_
Romnea_flower_budframe23.jpg,Romnea_
Romnea_flower_budframe24.jpg,Romnea_
Romnea_flower_budframe25.jpg,Romnea_
Romnea_flower_budframe26.jpg,Romnea_
Romnea_flower_budframe27.jpg,Romnea_
Romnea_flower_budframe30.jpg,Romnea_
Romnea_flower_budframe28.jpg,Romnea_
Romnea_flower_budframe29.jpg,Romnea_
Romnea_flower_budframe31.jpg,Romnea_
Romnea_flower_budframe32.jpg,Romnea_
Romnea_flower_budframe33.jpg,Romnea_
Romnea_flower_budframe34.jpg,Romnea_
Romnea_flower_budframe35.jpg,Romnea_
Romnea_flower_budframe36.jpg,Romnea_
Romnea_flower_budframe37.jpg,Romnea_
Romnea_flower_budframe38.jpg,Romnea_
Romnea_flower_budframe39.jpg,Romnea_
Romnea_flower_budframe40.jpg,Romnea_
Romnea_flower_budframe41.jpg,Romnea_
Romnea_flower_budframe43.jpg,Romnea_
Romnea_flower_budframe42.jpg,Romnea_
Romnea_flower_budframe44.jpg,Romnea_
Romnea_flower_budframe45.jpg,Romnea_
Romnea_flower_budframe46.jpg,Romnea_
Romnea_flower_budframe47.jpg,Romnea_
Romnea_flower_budframe48.jpg,Romnea_
Romnea_flower_budframe49.jpg,Romnea_
Romnea_flower_budframe51.jpg,Romnea_
Romnea_flower_budframe50.jpg,Romnea_
Romnea_flower_budframe52.jpg,Romnea_
Romnea_flower_budframe53.jpg,Romnea_
Romnea_flower_budframe54.jpg,Romnea_
Romnea_flower_budframe55.jpg,Romnea_
Romnea_flower_budframe56.jpg,Romnea_
Romnea_flower_budframe57.jpg,Romnea_
Romnea_flower_budframe58.jpg,Romnea_
Romnea_flower_budframe59.jpg,Romnea_
Romnea_flower_budframe60.jpg,Romnea_
Romnea_flower_budframe61.jpg,Romnea_
Romnea_flower_budframe62.jpg,Romnea_
Romnea_flower_budframe63.jpg,Romnea_
Romnea_flower_budframe65.jpg,Romnea_
Romnea_flower_budframe64.jpg,Romnea_
Romnea_flower_budframe66.jpg,Romnea_
Romnea_flower_budframe67.jpg,Romnea_
Romnea_flower_budframe68.jpg,Romnea_
Romnea_flower_budframe69.jpg,Romnea_
Romnea_flower_budframe71.jpg,Romnea_
Romnea_flower_budframe70.jpg,Romnea_
Romnea_flower_budframe72.jpg,Romnea_
Romnea_flower_budframe73.jpg,Romnea_
Romnea_flower_budframe74.jpg,Romnea_
Romnea_flower_budframe75.jpg,Romnea_
Romnea_flower_budframe76.jpg,Romnea_
Romnea_flower_budframe78.jpg,Romnea_
Romnea_flower_budframe77.jpg,Romnea_
Romnea_flower_budframe79.jpg,Romnea_
Romnea_flower_budframe82.jpg,Romnea_
Romnea_flower_budframe80.jpg,Romnea_
Romnea_flower_budframe81.jpg,Romnea_
Romnea_flower_budframe83.jpg,Romnea_
Romnea_flower_budframe84.jpg,Romnea_
Romnea_flower_budframe85.jpg,Romnea_
Romnea_flower_budframe86.jpg,Romnea_
Romnea_flower_budframe87.jpg,Romnea_
Romnea_flower_budframe89.jpg,Romnea_
Romnea_flower_budframe88.jpg,Romnea_
Romnea_flower_budframe90.jpg,Romnea_
Romnea_flower_budframe91.jpg,Romnea_
Romnea_flower_budframe92.jpg,Romnea_
Romnea_flower_budframe93.jpg,Romnea_
Romnea_flower_budframe94.jpg,Romnea_
Romnea_flower_budframe96.jpg,Romnea_
Romnea_flower_budframe95.jpg,Romnea_
Romnea_flower_budframe97.jpg,Romnea_
Romnea_flower_budframe98.jpg,Romnea_
Romnea_flower_budframe99.jpg,Romnea_
Romnea_flower_budframe100.jpg,Romnea_
Romnea_flower_budframe101.jpg,Romnea_
Romnea_flower_budframe103.jpg,Romnea_
Romnea_flower_budframe104.jpg,Romnea_
Romnea_flower_budframe102.jpg,Romnea_
Romnea_flower_budframe105.jpg,Romnea_
Romnea_flower_budframe107.jpg,Romnea_
Romnea_flower_budframe106.jpg,Romnea_
Romnea_flower_budframe108.jpg,Romnea_
Romnea_flower_budframe109.jpg,Romnea_
Romnea_flower_budframe111.jpg,Romnea_
Romnea_flower_budframe110.jpg,Romnea_
Romnea_flower_budframe112.jpg,Romnea_
Romnea_flower_budframe114.jpg,Romnea_
Romnea_flower_budframe113.jpg,Romnea_
Romnea_flower_budframe115.jpg,Romnea_
Romnea_flower_budframe117.jpg,Romnea_
Romnea_flower_budframe118.jpg,Romnea_
Romnea_flower_budframe116.jpg,Romnea_
Romnea_flower_budframe119.jpg,Romnea_
Romnea_flower_budframe120.jpg,Romnea_
Romnea_flower_budframe121.jpg,Romnea_
Romnea_flower_budframe123.jpg,Romnea_
Romnea_flower_budframe122.jpg,Romnea_
Romnea_flower_budframe124.jpg,Romnea_
Romnea_flower_budframe125.jpg,Romnea_
Romnea_flower_budframe126.jpg,Romnea_
Romnea_flower_budframe127.jpg,Romnea_
Romnea_flower_budframe128.jpg,Romnea_
Romnea_flower_budframe129.jpg,Romnea_
Romnea_flower_budframe130.jpg,Romnea_
Romnea_flower_budframe132.jpg,Romnea_
Romnea_flower_budframe131.jpg,Romnea_
Romnea_flower_budframe133.jpg,Romnea_
Romnea_flower_budframe134.jpg,Romnea_
Pear_flowerframe0.jpg,Pear_
Pear_flowerframe1.jpg,Pear_
Pear_flowerframe2.jpg,Pear_
Pear_flowerframe3.jpg,Pear_
Pear_flowerframe4.jpg,Pear_
Pear_flowerframe5.jpg,Pear_
Pear_flowerframe6.jpg,Pear_
Pear_flowerframe7.jpg,Pear_
Pear_flowerframe8.jpg,Pear_
Pear_flowerframe9.jpg,Pear_
Pear_flowerframe10.jpg,Pear_
Pear_flowerframe11.jpg,Pear_
Pear_flowerframe12.jpg,Pear_
Pear_flowerframe13.jpg,Pear_
Pear_flowerframe14.jpg,Pear_
Pear_flowerframe15.jpg,Pear_
Pear_flowerframe16.jpg,Pear_
Pear_flowerframe17.jpg,Pear_
Pear_flowerframe18.jpg,Pear_
Pear_flowerframe19.jpg,Pear_
Pear_flowerframe20.jpg,Pear_
Pear_flowerframe21.jpg,Pear_
Pear_flowerframe22.jpg,Pear_
Pear_flowerframe23.jpg,Pear_
Pear_flowerframe24.jpg,Pear_
Pear_flowerframe25.jpg,Pear_
Pear_flowerframe26.jpg,Pear_
Pear_flowerframe27.jpg,Pear_
Pear_flowerframe28.jpg,Pear_
Pear_flowerframe29.jpg,Pear_
Pear_flowerframe30.jpg,Pear_
Pear_flowerframe31.jpg,Pear_
Pear_flowerframe32.jpg,Pear_
Pear_flowerframe33.jpg,Pear_
Pear_flowerframe34.jpg,Pear_
Pear_flowerframe35.jpg,Pear_
Pear_flowerframe36.jpg,Pear_
Pear_flowerframe37.jpg,Pear_
Pear_flowerframe38.jpg,Pear_
Pear_flowerframe39.jpg,Pear_
Pear_flowerframe40.jpg,Pear_
Pear_flowerframe41.jpg,Pear_
Pear_flowerframe42.jpg,Pear_
Pear_flowerframe43.jpg,Pear_
Pear_flowerframe44.jpg,Pear_
Pear_flowerframe45.jpg,Pear_
Pear_flowerframe46.jpg,Pear_
Pear_flowerframe47.jpg,Pear_
Pear_flowerframe48.jpg,Pear_
Pear_flowerframe49.jpg,Pear_
Pear_flowerframe50.jpg,Pear_
Pear_flowerframe51.jpg,Pear_
Pear_flowerframe52.jpg,Pear_
Pear_flowerframe53.jpg,Pear_
Pear_flowerframe54.jpg,Pear_
Pear_flowerframe55.jpg,Pear_
Pear_flowerframe56.jpg,Pear_
Pear_flowerframe57.jpg,Pear_
Pear_flowerframe58.jpg,Pear_
Pear_flowerframe59.jpg,Pear_
Pear_flowerframe60.jpg,Pear_
Pear_flowerframe61.jpg,Pear_
Pear_flowerframe62.jpg,Pear_
Pear_flowerframe63.jpg,Pear_
Pear_flowerframe64.jpg,Pear_
Pear_flowerframe65.jpg,Pear_
Pear_flowerframe66.jpg,Pear_
Pear_flowerframe67.jpg,Pear_
Meadow_goats_beard_seedheadframe0.jpg,Meadow_goats_beard_seedhead
Meadow_goats_beard_seedheadframe1.jpg,Meadow_goats_beard_seedhead
Meadow_goats_beard_seedheadframe2.jpg,Meadow_goats_beard_seedhead
Meadow_goats_beard_seedheadframe3.jpg,Meadow_goats_beard_seedhead
Meadow_goats_beard_seedheadframe4.jpg,Meadow_goats_beard_seedhead
Meadow_goats_beard_seedheadframe5.jpg,Meadow_goats_beard_seedhead
Meadow_goats_beard_seedheadframe6.jpg,Meadow_goats_beard_seedhead
Meadow_goats_beard_seedheadframe7.jpg,Meadow_goats_beard_seedhead
Meadow_goats_beard_seedheadframe8.jpg,Meadow_goats_beard_seedhead
Meadow_goats_beard_seedheadframe9.jpg,Meadow_goats_beard_seedhead
Meadow_goats_beard_seedheadframe10.jpg,Meadow_goats_beard_seedhead
Meadow_goats_beard_seedheadframe11.jpg,Meadow_goats_beard_seedhead
Meadow_goats_beard_seedheadframe12.jpg,Meadow_goats_beard_seedhead
Meadow_goats_beard_seedheadframe13.jpg,Meadow_goats_beard_seedhead
Meadow_goats_beard_seedheadframe14.jpg,Meadow_goats_beard_seedhead
Meadow_goats_beard_seedheadframe15.jpg,Meadow_goats_beard_seedhead
Meadow_goats_beard_seedheadframe16.jpg,Meadow_goats_beard_seedhead
Meadow_goats_beard_seedheadframe17.jpg,Meadow_goats_beard_seedhead
Meadow_goats_beard_seedheadframe18.jpg,Meadow_goats_beard_seedhead
Meadow_goats_beard_seedheadframe19.jpg,Meadow_goats_beard_seedhead
Meadow_goats_beard_seedheadframe20.jpg,Meadow_goats_beard_seedhead
Meadow_goats_beard_seedheadframe21.jpg,Meadow_goats_beard_seedhead
Meadow_goats_beard_seedheadframe22.jpg,Meadow_goats_beard_seedhead
Meadow_goats_beard_seedheadframe23.jpg,Meadow_goats_beard_seedhead
Meadow_goats_beard_seedheadframe24.jpg,Meadow_goats_beard_seedhead
Meadow_goats_beard_seedheadframe25.jpg,Meadow_goats_beard_seedhead
Meadow_goats_beard_seedheadframe26.jpg,Meadow_goats_beard_seedhead
Meadow_goats_beard_seedheadframe27.jpg,Meadow_goats_beard_seedhead
Meadow_goats_beard_seedheadframe28.jpg,Meadow_goats_beard_seedhead
Meadow_goats_beard_seedheadframe29.jpg,Meadow_goats_beard_seedhead
Meadow_goats_beard_seedheadframe30.jpg,Meadow_goats_beard_seedhead
Meadow_goats_beard_seedheadframe31.jpg,Meadow_goats_beard_seedhead
Meadow_goats_beard_seedheadframe32.jpg,Meadow_goats_beard_seedhead
Meadow_goats_beard_seedheadframe33.jpg,Meadow_goats_beard_seedhead
Meadow_goats_beard_seedheadframe34.jpg,Meadow_goats_beard_seedhead
Meadow_goats_beard_seedheadframe35.jpg,Meadow_goats_beard_seedhead
Meadow_goats_beard_seedheadframe36.jpg,Meadow_goats_beard_seedhead
Meadow_goats_beard_seedheadframe37.jpg,Meadow_goats_beard_seedhead
Meadow_goats_beard_seedheadframe38.jpg,Meadow_goats_beard_seedhead
Meadow_goats_beard_seedheadframe39.jpg,Meadow_goats_beard_seedhead
Meadow_goats_beard_seedheadframe40.jpg,Meadow_goats_beard_seedhead
Meadow_goats_beard_seedheadframe41.jpg,Meadow_goats_beard_seedhead
Meadow_goats_beard_seedheadframe42.jpg,Meadow_goats_beard_seedhead
Meadow_goats_beard_seedheadframe43.jpg,Meadow_goats_beard_seedhead
Meadow_goats_beard_seedheadframe44.jpg,Meadow_goats_beard_seedhead
Meadow_goats_beard_seedheadframe45.jpg,Meadow_goats_beard_seedhead
Meadow_goats_beard_seedheadframe46.jpg,Meadow_goats_beard_seedhead
Meadow_goats_beard_seedheadframe47.jpg,Meadow_goats_beard_seedhead
Meadow_goats_beard_seedheadframe48.jpg,Meadow_goats_beard_seedhead
Meadow_goats_beard_seedheadframe49.jpg,Meadow_goats_beard_seedhead
Meadow_goats_beard_seedheadframe50.jpg,Meadow_goats_beard_seedhead
Meadow_goats_beard_seedheadframe51.jpg,Meadow_goats_beard_seedhead
Meadow_goats_beard_seedheadframe52.jpg,Meadow_goats_beard_seedhead
Meadow_goats_beard_seedheadframe53.jpg,Meadow_goats_beard_seedhead
Meadow_goats_beard_seedheadframe54.jpg,Meadow_goats_beard_seedhead
Meadow_goats_beard_seedheadframe55.jpg,Meadow_goats_beard_seedhead
Meadow_goats_beard_seedheadframe56.jpg,Meadow_goats_beard_seedhead
Meadow_goats_beard_seedheadframe57.jpg,Meadow_goats_beard_seedhead
Meadow_goats_beard_seedheadframe58.jpg,Meadow_goats_beard_seedhead
Meadow_goats_beard_seedheadframe59.jpg,Meadow_goats_beard_seedhead
Meadow_goats_beard_seedheadframe60.jpg,Meadow_goats_beard_seedhead
Meadow_goats_beard_seedheadframe61.jpg,Meadow_goats_beard_seedhead
Meadow_goats_beard_seedheadframe62.jpg,Meadow_goats_beard_seedhead
Meadow_goats_beard_seedheadframe63.jpg,Meadow_goats_beard_seedhead
Meadow_goats_beard_seedheadframe64.jpg,Meadow_goats_beard_seedhead
Inula_hookeri_flowerframe0.jpg,Inula_hookeri_
Inula_hookeri_flowerframe1.jpg,Inula_hookeri_
Inula_hookeri_flowerframe2.jpg,Inula_hookeri_
Inula_hookeri_flowerframe3.jpg,Inula_hookeri_
Inula_hookeri_flowerframe4.jpg,Inula_hookeri_
Inula_hookeri_flowerframe5.jpg,Inula_hookeri_
Inula_hookeri_flowerframe6.jpg,Inula_hookeri_
Inula_hookeri_flowerframe7.jpg,Inula_hookeri_
Inula_hookeri_flowerframe8.jpg,Inula_hookeri_
Inula_hookeri_flowerframe9.jpg,Inula_hookeri_
Inula_hookeri_flowerframe10.jpg,Inula_hookeri_
Inula_hookeri_flowerframe11.jpg,Inula_hookeri_
Inula_hookeri_flowerframe12.jpg,Inula_hookeri_
Inula_hookeri_flowerframe13.jpg,Inula_hookeri_
Inula_hookeri_flowerframe14.jpg,Inula_hookeri_
Inula_hookeri_flowerframe15.jpg,Inula_hookeri_
Inula_hookeri_flowerframe16.jpg,Inula_hookeri_
Inula_hookeri_flowerframe17.jpg,Inula_hookeri_
Inula_hookeri_flowerframe18.jpg,Inula_hookeri_
Inula_hookeri_flowerframe19.jpg,Inula_hookeri_
Inula_hookeri_flowerframe20.jpg,Inula_hookeri_
Inula_hookeri_flowerframe21.jpg,Inula_hookeri_
Inula_hookeri_flowerframe22.jpg,Inula_hookeri_
Inula_hookeri_flowerframe23.jpg,Inula_hookeri_
Inula_hookeri_flowerframe24.jpg,Inula_hookeri_
Inula_hookeri_flowerframe25.jpg,Inula_hookeri_
Inula_hookeri_flowerframe26.jpg,Inula_hookeri_
Inula_hookeri_flowerframe27.jpg,Inula_hookeri_
Inula_hookeri_flowerframe28.jpg,Inula_hookeri_
Inula_hookeri_flowerframe29.jpg,Inula_hookeri_
Inula_hookeri_flowerframe30.jpg,Inula_hookeri_
Inula_hookeri_flowerframe31.jpg,Inula_hookeri_
Inula_hookeri_flowerframe32.jpg,Inula_hookeri_
Inula_hookeri_flowerframe33.jpg,Inula_hookeri_
Inula_hookeri_flowerframe34.jpg,Inula_hookeri_
Inula_hookeri_flowerframe35.jpg,Inula_hookeri_
Inula_hookeri_flowerframe36.jpg,Inula_hookeri_
Inula_hookeri_flowerframe37.jpg,Inula_hookeri_
Inula_hookeri_flowerframe38.jpg,Inula_hookeri_
Inula_hookeri_flowerframe39.jpg,Inula_hookeri_
Inula_hookeri_flowerframe40.jpg,Inula_hookeri_
Inula_hookeri_flowerframe41.jpg,Inula_hookeri_
Inula_hookeri_flowerframe42.jpg,Inula_hookeri_
Inula_hookeri_flowerframe43.jpg,Inula_hookeri_
Inula_hookeri_flowerframe44.jpg,Inula_hookeri_
Inula_hookeri_flowerframe45.jpg,Inula_hookeri_
Inula_hookeri_flowerframe46.jpg,Inula_hookeri_
Inula_hookeri_flowerframe47.jpg,Inula_hookeri_
Inula_hookeri_flowerframe48.jpg,Inula_hookeri_
Inula_hookeri_flowerframe49.jpg,Inula_hookeri_
Inula_hookeri_flowerframe50.jpg,Inula_hookeri_
Inula_hookeri_flowerframe51.jpg,Inula_hookeri_
Inula_hookeri_flowerframe52.jpg,Inula_hookeri_
Inula_hookeri_flowerframe53.jpg,Inula_hookeri_
Inula_hookeri_flowerframe54.jpg,Inula_hookeri_
Inula_hookeri_flowerframe55.jpg,Inula_hookeri_
Inula_hookeri_flowerframe56.jpg,Inula_hookeri_
Inula_hookeri_flowerframe57.jpg,Inula_hookeri_
Inula_hookeri_flowerframe58.jpg,Inula_hookeri_
Inula_hookeri_flowerframe59.jpg,Inula_hookeri_
Inula_hookeri_flowerframe60.jpg,Inula_hookeri_
Inula_hookeri_flowerframe61.jpg,Inula_hookeri_
Inula_hookeri_flowerframe62.jpg,Inula_hookeri_
Inula_hookeri_flowerframe63.jpg,Inula_hookeri_
Inula_hookeri_flowerframe64.jpg,Inula_hookeri_
Inula_hookeri_flowerframe65.jpg,Inula_hookeri_
Inula_hookeri_flowerframe66.jpg,Inula_hookeri_
Inula_hookeri_flowerframe67.jpg,Inula_hookeri_
Inula_hookeri_flowerframe68.jpg,Inula_hookeri_
Inula_hookeri_flowerframe69.jpg,Inula_hookeri_
Inula_hookeri_flowerframe70.jpg,Inula_hookeri_
Inula_hookeri_flowerframe71.jpg,Inula_hookeri_
Inula_hookeri_flowerframe72.jpg,Inula_hookeri_
Inula_hookeri_flowerframe73.jpg,Inula_hookeri_
Inula_hookeri_flowerframe74.jpg,Inula_hookeri_
Globe_artichokeframe0.jpg,Globe_artichoke
Globe_artichokeframe1.jpg,Globe_artichoke
Globe_artichokeframe2.jpg,Globe_artichoke
Globe_artichokeframe3.jpg,Globe_artichoke
Globe_artichokeframe4.jpg,Globe_artichoke
Globe_artichokeframe5.jpg,Globe_artichoke
Globe_artichokeframe6.jpg,Globe_artichoke
Globe_artichokeframe7.jpg,Globe_artichoke
Globe_artichokeframe8.jpg,Globe_artichoke
Globe_artichokeframe9.jpg,Globe_artichoke
Globe_artichokeframe10.jpg,Globe_artichoke
Globe_artichokeframe11.jpg,Globe_artichoke
Globe_artichokeframe12.jpg,Globe_artichoke
Globe_artichokeframe13.jpg,Globe_artichoke
Globe_artichokeframe14.jpg,Globe_artichoke
Globe_artichokeframe15.jpg,Globe_artichoke
Globe_artichokeframe16.jpg,Globe_artichoke
Globe_artichokeframe17.jpg,Globe_artichoke
Globe_artichokeframe18.jpg,Globe_artichoke
Globe_artichokeframe19.jpg,Globe_artichoke
Globe_artichokeframe20.jpg,Globe_artichoke
Globe_artichokeframe21.jpg,Globe_artichoke
Globe_artichokeframe22.jpg,Globe_artichoke
Globe_artichokeframe23.jpg,Globe_artichoke
Globe_artichokeframe24.jpg,Globe_artichoke
Globe_artichokeframe25.jpg,Globe_artichoke
Globe_artichokeframe26.jpg,Globe_artichoke
Globe_artichokeframe27.jpg,Globe_artichoke
Globe_artichokeframe28.jpg,Globe_artichoke
Globe_artichokeframe29.jpg,Globe_artichoke
Globe_artichokeframe30.jpg,Globe_artichoke
Globe_artichokeframe31.jpg,Globe_artichoke
Globe_artichokeframe32.jpg,Globe_artichoke
Globe_artichokeframe33.jpg,Globe_artichoke
Globe_artichokeframe34.jpg,Globe_artichoke
Globe_artichokeframe35.jpg,Globe_artichoke
Fly_agaricframe0.jpg,Fly_agaric
Fly_agaricframe1.jpg,Fly_agaric
Fly_agaricframe2.jpg,Fly_agaric
Fly_agaricframe3.jpg,Fly_agaric
Fly_agaricframe4.jpg,Fly_agaric
Fly_agaricframe5.jpg,Fly_agaric
Fly_agaricframe6.jpg,Fly_agaric
Fly_agaricframe7.jpg,Fly_agaric
Fly_agaricframe8.jpg,Fly_agaric
Fly_agaricframe9.jpg,Fly_agaric
Fly_agaricframe10.jpg,Fly_agaric
Fly_agaricframe11.jpg,Fly_agaric
Fly_agaricframe12.jpg,Fly_agaric
Fly_agaricframe13.jpg,Fly_agaric
Fly_agaricframe14.jpg,Fly_agaric
Fly_agaricframe15.jpg,Fly_agaric
Fly_agaricframe16.jpg,Fly_agaric
Fly_agaricframe17.jpg,Fly_agaric
Fly_agaricframe18.jpg,Fly_agaric
Fly_agaricframe19.jpg,Fly_agaric
Fly_agaricframe20.jpg,Fly_agaric
Fly_agaricframe21.jpg,Fly_agaric
Fly_agaricframe22.jpg,Fly_agaric
Fly_agaricframe23.jpg,Fly_agaric
Fly_agaricframe24.jpg,Fly_agaric
Fly_agaricframe25.jpg,Fly_agaric
Fly_agaricframe26.jpg,Fly_agaric
Fly_agaricframe27.jpg,Fly_agaric
Fly_agaricframe28.jpg,Fly_agaric
Fly_agaricframe29.jpg,Fly_agaric
Fly_agaricframe30.jpg,Fly_agaric
Fly_agaricframe31.jpg,Fly_agaric
Fly_agaricframe32.jpg,Fly_agaric
Fly_agaricframe33.jpg,Fly_agaric
Fly_agaricframe34.jpg,Fly_agaric
Fly_agaricframe35.jpg,Fly_agaric
Fly_agaricframe36.jpg,Fly_agaric
Fly_agaricframe37.jpg,Fly_agaric
Fly_agaricframe38.jpg,Fly_agaric
Fly_agaricframe39.jpg,Fly_agaric
Fly_agaricframe40.jpg,Fly_agaric
Fly_agaricframe41.jpg,Fly_agaric
Fly_agaricframe42.jpg,Fly_agaric
Fly_agaricframe43.jpg,Fly_agaric
Fly_agaricframe44.jpg,Fly_agaric
Fly_agaricframe45.jpg,Fly_agaric
Fly_agaricframe46.jpg,Fly_agaric
Fly_agaricframe47.jpg,Fly_agaric
Fly_agaricframe48.jpg,Fly_agaric
Fly_agaricframe49.jpg,Fly_agaric
Fly_agaricframe50.jpg,Fly_agaric
Fly_agaricframe51.jpg,Fly_agaric
Witch_hazel frame44.jpg,Witch_hazel 
Witch_hazel frame45.jpg,Witch_hazel 
Witch_hazel frame46.jpg,Witch_hazel 
Witch_hazel frame47.jpg,Witch_hazel 
Witch_hazel frame48.jpg,Witch_hazel 
Witch_hazel frame49.jpg,Witch_hazel 
Witch_hazel frame50.jpg,Witch_hazel 
Witch_hazel frame52.jpg,Witch_hazel 
Witch_hazel frame51.jpg,Witch_hazel 
Witch_hazel frame53.jpg,Witch_hazel 
Witch_hazel frame54.jpg,Witch_hazel 
Witch_hazel frame55.jpg,Witch_hazel 
Witch_hazel frame56.jpg,Witch_hazel 
Witch_hazel frame57.jpg,Witch_hazel 
Witch_hazel frame58.jpg,Witch_hazel 
